"CODI_ESTACIO";"NOM_ESTACIO";"CODI_TIPUS";"LATITUD";"LONGITUD";"Georeferència";"EMPLACAMENT";"ALTITUD";"CODI_MUNICIPI";"NOM_MUNICIPI";"CODI_COMARCA";"NOM_COMARCA";"CODI_PROVINCIA";"NOM_PROVINCIA";"CODI_XARXA";"NOM_XARXA";"CODI_ESTAT";"NOM_ESTAT";"DATA_ALTA";"DATA_BAIXA"
"X2";"Barcelona - Zoo";"A";"41,38943";"2,18847";"POINT (2.18847 41.38943)";"Zoo";"7";"80193";"Barcelona";"13";"Barcelonès";"8";"Barcelona";"1";"XEMA";"1";"Desmantellada";"22/09/2006";"03/10/2024"
"UH";"el Montmell";"A";"41,34172";"1,48769";"POINT (1.48769 41.34172)";"Finca Vallflor - Aigua Viva";"547";"430901";"El Montmell";"12";"Baix Penedès";"43";"Tarragona";"1";"XEMA";"2";"Operativa";"13/07/1995";
"VI";"Lleida";"A";"41,62918";"0,59622";"POINT (0.59622 41.62918)";"Av. Alcalde Rovira Roure";"190";"251207";"Lleida";"33";"Segrià";"25";"Lleida";"1";"XEMA";"1";"Desmantellada";"30/03/1990";"15/06/2000"
"WT";"Malgrat de Mar";"A";"41,64706";"2,75659";"POINT (2.75659 41.64706)";"Camí de la Pomereda";"3";"81108";"Malgrat de Mar";"21";"Maresme";"8";"Barcelona";"1";"XEMA";"2";"Operativa";"04/05/2005";
"WM";"Santuari de Queralt";"A";"42,10736";"1,8267";"POINT (1.8267 42.10736)";"Santuari de la Mare de Déu de Queralt";"1.169";"80229";"Berga";"14";"Berguedà";"8";"Barcelona";"1";"XEMA";"2";"Operativa";"23/01/2002";
"W2";"Torroella de Fluvià";"A";"42,18259";"3,05783";"POINT (3.05783 42.18259)";"Camp de Pla d'Avall - Camp de la Creu";"7";"171984";"Torroella de Fluvià";"2";"Alt Empordà";"17";"Girona";"1";"XEMA";"1";"Desmantellada";"14/03/2000";"08/04/2014"
"UM";"la Granadella";"A";"41,35991";"0,66789";"POINT (0.66789 41.35991)";"Horts de la Vall Major";"507";"251018";"La Granadella";"18";"Garrigues";"25";"Lleida";"1";"XEMA";"2";"Operativa";"30/01/1992";
"UD";"Serra de Daró";"A";"42,02895";"3,06227";"POINT (3.06227 42.02895)";"Camí de la Barceloneta - St. Iscle d'Empordà";"12";"171910";"Serra de Daró";"10";"Baix Empordà";"17";"Girona";"1";"XEMA";"1";"Desmantellada";"09/06/1999";"01/06/2013"
"VK";"Raimat";"A";"41,68325";"0,44871";"POINT (0.44871 41.68325)";"Finca Montserrat - Raimat";"286";"251207";"Lleida";"33";"Segrià";"25";"Lleida";"1";"XEMA";"2";"Operativa";"31/08/1988";
"U8";"Punta del Fangar";"A";"40,78653";"0,74264";"POINT (0.74264 40.78653)";"Punta del Fangar";"0";"439018";"Deltebre";"9";"Baix Ebre";"43";"Tarragona";"1";"XEMA";"1";"Desmantellada";"30/04/1992";"19/02/2009"
"VU";"Rellinars";"A";"41,63285";"1,91718";"POINT (1.91718 41.63285)";"Puig de la Ballesta";"429";"81799";"Rellinars";"40";"Vallès Occidental";"8";"Barcelona";"1";"XEMA";"2";"Operativa";"18/02/1998";
"D9";"el Vendrell";"A";"41,21554";"1,52117";"POINT (1.52117 41.21554)";"Instal·lacions esportives municipals";"59";"431634";"El Vendrell";"12";"Baix Penedès";"43";"Tarragona";"1";"XEMA";"2";"Operativa";"11/06/1999";
"XE";"Tarragona - Complex Educatiu";"A";"41,10392";"1,201";"POINT (1.201 41.10392)";"Complex Educatiu";"6";"431482";"Tarragona";"36";"Tarragonès";"43";"Tarragona";"1";"XEMA";"2";"Operativa";"05/02/2009";
"MS";"Castellar de n'Hug - el Clot del Moro";"A";"42,25943";"1,9761";"POINT (1.9761 42.25943)";"Aforament Castellar de n'Hug";"940";"80522";"Castellar de n'Hug";"14";"Berguedà";"8";"Barcelona";"1";"XEMA";"2";"Operativa";"26/01/2010";
"XL";"el Prat de Llobregat";"A";"41,34054";"2,08019";"POINT (2.08019 41.34054)";"Camí de la Ribera s/n";"7";"81691";"El Prat de Llobregat";"11";"Baix Llobregat";"8";"Barcelona";"1";"XEMA";"2";"Operativa";"22/03/2011";
"YF";"Miami Platja";"A";"41,02066";"0,9345";"POINT (0.9345 41.02066)";"Plana dels Penyals";"43";"430923";"Mont-roig del Camp";"8";"Baix Camp";"43";"Tarragona";"1";"XEMA";"2";"Operativa";"20/12/2017";
"VC";"Pantà de Riba-roja";"A";"41,2441";"0,4327";"POINT (0.4327 41.2441)";"Presa de Riba-roja";"77";"431251";"Riba-roja d'Ebre";"30";"Ribera d'Ebre";"43";"Tarragona";"1";"XEMA";"2";"Operativa";"18/11/1996";
"DK";"Torredembarra";"A";"41,14675";"1,41843";"POINT (1.41843 41.14675)";"Aiguamolls els Muntanyans";"2";"431536";"Torredembarra";"36";"Tarragonès";"43";"Tarragona";"1";"XEMA";"2";"Operativa";"24/11/1999";
"UJ";"Santa Coloma de Queralt";"A";"41,52879";"1,3683";"POINT (1.3683 41.52879)";"Partida la Cabana";"709";"431397";"Santa Coloma de Queralt";"16";"Conca de Barberà";"43";"Tarragona";"1";"XEMA";"2";"Operativa";"19/11/1996";
"YL";"Riudecanyes";"A";"41,12267";"0,96958";"POINT (0.96958 41.12267)";"els Gorgs";"171";"431270";"Riudecanyes";"8";"Baix Camp";"43";"Tarragona";"1";"XEMA";"2";"Operativa";"06/02/2019";
"YN";"Vielha - Elipòrt";"A";"42,69737";"0,80197";"POINT (0.80197 42.69737)";"Elipòrt de VIelha";"1.029";"252430";"Vielha e Mijaran";"39";"Val d'Aran";"25";"Lleida";"1";"XEMA";"2";"Operativa";"11/03/2021";
"U5";"Prades - los Hortals";"A";"41,31349";"0,99611";"POINT (0.99611 41.31349)";"Finca los Hortals";"969";"431166";"Prades";"8";"Baix Camp";"43";"Tarragona";"1";"XEMA";"1";"Desmantellada";"12/12/1995";"31/01/2013"
"X3";"Alguaire";"A";"41,7428";"0,53578";"POINT (0.53578 41.7428)";"Aeròdrom";"371";"250169";"Alguaire";"33";"Segrià";"25";"Lleida";"1";"XEMA";"2";"Operativa";"02/06/2006";
"Y6";"Tivissa";"A";"41,04342";"0,74029";"POINT (0.74029 41.04342)";"-";"317";"431508";"Tivissa";"30";"Ribera d'Ebre";"43";"Tarragona";"1";"XEMA";"2";"Operativa";"26/03/2015";
"UQ";"Dosrius - PN Montnegre Corredor";"A";"41,61991";"2,44532";"POINT (2.44532 41.61991)";"Parc Natural del Corredor. Masia Can Bosc";"462";"80752";"Dosrius";"21";"Maresme";"8";"Barcelona";"1";"XEMA";"2";"Operativa";"09/08/1996";
"D6";"Portbou - coll dels Belitres";"A";"42,43514";"3,16619";"POINT (3.16619 42.43514)";"Punta de l'Aucell  (zona fronterera)";"198";"171387";"Portbou";"2";"Alt Empordà";"17";"Girona";"1";"XEMA";"2";"Operativa";"25/03/1998";
"DG";"Núria (1.971 m)";"A";"42,39848";"2,15517";"POINT (2.15517 42.39848)";"Santuari de Núria";"1.971";"170433";"Queralbs";"31";"Ripollès";"17";"Girona";"1";"XEMA";"2";"Operativa";"15/05/1998";
"WE";"Vilanova del Vallès";"A";"41,5444";"2,30014";"POINT (2.30014 41.5444)";"Mas Casa Alta";"126";"89024";"Vilanova del Vallès";"41";"Vallès Oriental";"8";"Barcelona";"1";"XEMA";"1";"Desmantellada";"05/07/2000";"05/05/2025"
"XG";"Parets del Vallès";"A";"41,5673";"2,22615";"POINT (2.22615 41.5673)";"CEIP Pau Vila";"118";"81593";"Parets del Vallès";"41";"Vallès Oriental";"8";"Barcelona";"1";"XEMA";"2";"Operativa";"30/10/2008";
"XX";"Anglesola - Tornabous";"A";"41,68834";"1,04477";"POINT (1.04477 41.68834)";"Masia Mingot";"292";"250273";"Anglesola";"38";"Urgell";"25";"Lleida";"1";"XEMA";"2";"Operativa";"06/08/2013";
"WR";"Torroja del Priorat";"A";"41,21629";"0,79745";"POINT (0.79745 41.21629)";"Ref.cadastral: Pol. 3, parc. 38";"301";"431541";"Torroja del Priorat";"29";"Priorat";"43";"Tarragona";"1";"XEMA";"2";"Operativa";"27/11/2003";
"WU";"Badalona - Museu";"A";"41,45215";"2,24757";"POINT (2.24757 41.45215)";"Museu";"42";"80155";"Badalona";"13";"Barcelonès";"8";"Barcelona";"1";"XEMA";"2";"Operativa";"21/09/2005";
"CH";"Falset - Escola";"A";"41,15076";"0,82357";"POINT (0.82357 41.15076)";"Col·legi Públic Antoni Vilanova";"350";"430555";"Falset";"29";"Priorat";"43";"Tarragona";"1";"XEMA";"1";"Desmantellada";"01/12/1995";"05/07/2005"
"CB";"les Llosses";"A";"42,15085";"2,19914";"POINT (2.19914 42.15085)";"Abocador comarcal";"700";"170963";"Les Llosses";"31";"Ripollès";"17";"Girona";"1";"XEMA";"1";"Desmantellada";"30/11/1995";"02/06/2003"
"WC";"Golmés";"A";"41,63641";"0,92445";"POINT (0.92445 41.63641)";"Partida Fogones";"260";"250997";"Golmés";"27";"Pla d'Urgell";"25";"Lleida";"1";"XEMA";"2";"Operativa";"08/08/2000";
"CO";"Torres de Segre - Depuradora";"A";"41,52603";"0,52711";"POINT (0.52711 41.52603)";"Depuradora municipal";"143,6";"252326";"Torres de Segre";"33";"Segrià";"25";"Lleida";"1";"XEMA";"1";"Desmantellada";"23/11/1995";"25/05/2006"
"MR";"Pantà de Siurana";"A";"41,2508";"0,91063";"POINT (0.91063 41.2508)";"Pantà de Siurana - Xalet del Pantà";"503";"430496";"Cornudella de Montsant";"29";"Priorat";"43";"Tarragona";"1";"XEMA";"2";"Operativa";"08/11/2010";
"UB";"la Tallada d'Empordà";"A";"42,05394";"3,06198";"POINT (3.06198 42.05394)";"Findació Mas Badia - Canet de la Tallada";"15";"171959";"La Tallada d'Empordà";"10";"Baix Empordà";"17";"Girona";"1";"XEMA";"2";"Operativa";"01/05/1989";
"M6";"Sant Joan de les Abadesses";"A";"42,22187";"2,24267";"POINT (2.24267 42.22187)";"Agrupació Esportiva del Ripollès";"736";"171674";"Sant Joan de les Abadesses";"31";"Ripollès";"17";"Girona";"1";"XEMA";"2";"Operativa";"13/01/1996";
"W8";"Blancafort";"A";"41,44237";"1,15998";"POINT (1.15998 41.44237)";"Cooperativa vinícola, pl.del Sindicat";"437";"430290";"Blancafort";"16";"Conca de Barberà";"43";"Tarragona";"1";"XEMA";"2";"Operativa";"18/01/2000";
"XS";"Santa Coloma de Farners";"A";"41,86491";"2,66444";"POINT (2.66444 41.86491)";"Dipòsit d'aigua";"165";"171805";"Santa Coloma de Farners";"34";"Selva";"17";"Girona";"1";"XEMA";"2";"Operativa";"26/03/2013";
"DI";"Font-rubí";"A";"41,4329";"1,62386";"POINT (1.62386 41.4329)";"Masia Ca l'Amàlia - Montjuic";"414";"80850";"Font-rubí";"3";"Alt Penedès";"8";"Barcelona";"1";"XEMA";"2";"Operativa";"16/07/1998";
"YV";"Mataró";"A";"41,54518";"2,43322";"POINT (2.43322 41.54518)";"Parc de Rafael Alberti, Estació MeteoMar";"88";"81213";"Mataró";"21";"Maresme";"8";"Barcelona";"1";"XEMA";"2";"Operativa";"11/06/2025";
"XH";"Sort";"A";"42,40537";"1,12997";"POINT (1.12997 42.40537)";"Escola de Piragüisme";"677";"252094";"Sort";"26";"Pallars Sobirà";"25";"Lleida";"1";"XEMA";"2";"Operativa";"31/07/2009";
"XQ";"Tremp";"A";"42,16255";"0,88811";"POINT (0.88811 42.16255)";"Conillera de Joncar";"474";"252347";"Tremp";"25";"Pallars Jussà";"25";"Lleida";"1";"XEMA";"2";"Operativa";"22/10/2012";
"WA";"Oliola";"A";"41,87694";"1,1541";"POINT (1.1541 41.87694)";"Partida l'Era";"444";"251500";"Oliola";"23";"Noguera";"25";"Lleida";"1";"XEMA";"2";"Operativa";"26/03/2001";
"D7";"Vinebre";"A";"41,18498";"0,59374";"POINT (0.59374 41.18498)";"Partida de Mallols";"51";"431779";"Vinebre";"30";"Ribera d'Ebre";"43";"Tarragona";"1";"XEMA";"2";"Operativa";"22/01/1998";
"XK";"Puig Sesolles (1.666 m)";"A";"41,77362";"2,43774";"POINT (2.43774 41.77362)";"Puig Sesolles (Massís del Montseny)";"1.666";"80811";"Fogars de Montclús";"41";"Vallès Oriental";"8";"Barcelona";"1";"XEMA";"2";"Operativa";"22/09/2010";
"UL";"Castelldans";"A";"41,52911";"0,75303";"POINT (0.75303 41.52911)";"Mas de St. Jaume, crta. de Castelldans a Puigvert";"228";"250674";"Castelldans";"18";"Garrigues";"25";"Lleida";"1";"XEMA";"1";"Desmantellada";"16/09/1997";"21/02/2017"
"X9";"Caldes de Montbui";"A";"41,61264";"2,1683";"POINT (2.1683 41.61264)";"Torre Marimon";"177";"80333";"Caldes de Montbui";"41";"Vallès Oriental";"8";"Barcelona";"1";"XEMA";"2";"Operativa";"08/03/2007";
"UN";"Cassà de la Selva";"A";"41,87448";"2,92695";"POINT (2.92695 41.87448)";"Finca Mas Bassets";"178";"170448";"Cassà de la Selva";"20";"Gironès";"17";"Girona";"1";"XEMA";"2";"Operativa";"08/03/1993";
"W6";"Riudoms";"A";"41,13738";"1,0187";"POINT (1.0187 41.13738)";"Mas d'en Domènec";"158";"431299";"Riudoms";"8";"Baix Camp";"43";"Tarragona";"1";"XEMA";"1";"Desmantellada";"19/10/1999";"06/02/2019"
"XT";"Solsona";"A";"41,98762";"1,51159";"POINT (1.51159 41.98762)";"Magatzem Municipal";"692";"252075";"Solsona";"35";"Solsonès";"25";"Lleida";"1";"XEMA";"2";"Operativa";"12/07/2012";
"WX";"Camarasa";"A";"41,9178";"0,88175";"POINT (0.88175 41.9178)";"Camarasa";"669";"250621";"Camarasa";"23";"Noguera";"25";"Lleida";"1";"XEMA";"2";"Operativa";"07/03/2006";
"DA";"Vila-rodona - Escola";"A";"41,30839";"1,3622";"POINT (1.3622 41.30839)";"Zona de les Escoles Noves";"278";"431704";"Vila-rodona";"1";"Alt Camp";"43";"Tarragona";"1";"XEMA";"1";"Desmantellada";"23/01/1998";"28/07/2005"
"UF";"PN del Garraf - el Rascler";"A";"41,28833";"1,90773";"POINT (1.90773 41.28833)";"El Rascler - Centre de Repetidors Aeroport. Parc Natural del Garraf";"573";"80207";"Begues";"11";"Baix Llobregat";"8";"Barcelona";"1";"XEMA";"2";"Operativa";"29/02/1996";
"H1";"Òdena";"A";"41,5864";"1,65308";"POINT (1.65308 41.5864)";"Aeròdrom d'Òdena";"333";"81430";"Òdena";"6";"Anoia";"8";"Barcelona";"1";"XEMA";"2";"Operativa";"31/05/1999";
"V7";"Embassament de Sau";"A";"41,97554";"2,39837";"POINT (2.39837 41.97554)";"Embassament de Sau. Club Nàutic.";"435";"83036";"Vilanova de Sau";"24";"Osona";"8";"Barcelona";"1";"XEMA";"1";"Desmantellada";"20/05/1997";"02/05/2006"
"YG";"Tírvia";"A";"42,51881";"1,24244";"POINT (1.24244 42.51881)";"Heliport de Tírvia";"955";"252213";"Tírvia";"26";"Pallars Sobirà";"25";"Lleida";"1";"XEMA";"2";"Operativa";"11/01/2018";
"XB";"la Llacuna";"A";"41,47785";"1,53527";"POINT (1.53527 41.47785)";"Cal Mateu";"585";"81043";"La Llacuna";"6";"Anoia";"8";"Barcelona";"1";"XEMA";"2";"Operativa";"19/03/2008";
"C9";"Mas de Barberans";"A";"40,71822";"0,39986";"POINT (0.39986 40.71822)";"Abocador comarcal";"241";"430770";"Mas de Barberans";"22";"Montsià";"43";"Tarragona";"1";"XEMA";"2";"Operativa";"11/04/1997";
"YQ";"Port de Barcelona - ZAL Prat";"A";"41,31928";"2,1372";"POINT (2.1372 41.31928)";"Port de Barcelona";"5";"81691";"El Prat de Llobregat";"11";"Baix Llobregat";"8";"Barcelona";"1";"XEMA";"2";"Operativa";"02/12/2021";
"W3";"Ventalló";"A";"42,15006";"3,06494";"POINT (3.06494 42.15006)";"el Camp Lletget - Mare de Déu de l'Om - Montiró";"4";"172109";"Ventalló";"2";"Alt Empordà";"17";"Girona";"1";"XEMA";"1";"Desmantellada";"14/03/2000";"12/01/2015"
"WY";"Sant Sadurní d'Anoia - el Clot de les Comes";"A";"41,43386";"1,79429";"POINT (1.79429 41.43386)";"-";"164";"82401";"Sant Sadurní d'Anoia";"3";"Alt Penedès";"8";"Barcelona";"1";"XEMA";"1";"Desmantellada";"11/04/2006";"07/05/2021"
"UP";"Cabrils";"A";"41,51773";"2,37702";"POINT (2.37702 41.51773)";"IRTA Cabrils, crta. de Vilassar a Cabrils, s/n";"81";"80305";"Cabrils";"21";"Maresme";"8";"Barcelona";"1";"XEMA";"2";"Operativa";"27/11/1995";
"VW";"Caldes de Montbui - Torre Marimon";"A";"41,61235";"2,17099";"POINT (2.17099 41.61235)";"Finca Torre Marimon";"164,5";"80333";"Caldes de Montbui";"41";"Vallès Oriental";"8";"Barcelona";"1";"XEMA";"1";"Desmantellada";"23/12/1990";"08/03/2007"
"DO";"Castell d'Aro";"A";"41,80855";"3,03241";"POINT (3.03241 41.80855)";"Parc de Bombers";"14";"170486";"Castell d'Aro, Platja d'Aro i s'Agaró";"10";"Baix Empordà";"17";"Girona";"1";"XEMA";"2";"Operativa";"10/05/2001";
"V5";"Perafita";"A";"42,03947";"2,11993";"POINT (2.11993 42.03947)";"Finca la Tria";"777";"81607";"Perafita";"43";"Lluçanès";"8";"Barcelona";"1";"XEMA";"2";"Operativa";"03/07/1995";
"C8";"Cervera";"A";"41,67556";"1,2961";"POINT (1.2961 41.67556)";"Abocador comarcal";"556";"250729";"Cervera";"32";"Segarra";"25";"Lleida";"1";"XEMA";"2";"Operativa";"27/10/1995";
"CW";"l'Espluga de Francolí";"A";"41,39242";"1,09895";"POINT (1.09895 41.39242)";"Urb. Espluga Parc";"446";"430542";"L'Espluga de Francolí";"16";"Conca de Barberà";"43";"Tarragona";"1";"XEMA";"2";"Operativa";"23/02/1996";
"XM";"els Alamús";"A";"41,59514";"0,73515";"POINT (0.73515 41.59514)";"-";"231";"250045";"Els Alamús";"33";"Segrià";"25";"Lleida";"1";"XEMA";"2";"Operativa";"22/06/2011";
"XU";"Canyelles";"A";"41,288";"1,72201";"POINT (1.72201 41.288)";"Cementiri";"150";"80431";"Canyelles";"17";"Garraf";"8";"Barcelona";"1";"XEMA";"2";"Operativa";"16/07/2013";
"ZC";"Ulldeter (2.413 m)";"A";"42,42102";"2,24593";"POINT (2.24593 42.42102)";"Ulldeter";"2.413";"171925";"Setcases";"31";"Ripollès";"17";"Girona";"1";"XEMA";"2";"Operativa";"28/09/2011";
"DE";"Botarell";"A";"41,15404";"0,99772";"POINT (0.99772 41.15404)";"Planta de compostatge";"231";"430332";"Botarell";"8";"Baix Camp";"43";"Tarragona";"1";"XEMA";"1";"Desmantellada";"16/01/1998";"16/01/2007"
"Z5";"Certascan (2.398 m)";"A";"42,7003";"1,272";"POINT (1.272 42.7003)";"Certascan";"2.398";"251235";"Lladorre";"26";"Pallars Sobirà";"25";"Lleida";"1";"XEMA";"2";"Operativa";"11/11/2000";
"MW";"Navès";"A";"42,00707";"1,65239";"POINT (1.65239 42.00707)";"el Garrigar";"549";"251462";"Navès";"35";"Solsonès";"25";"Lleida";"1";"XEMA";"2";"Operativa";"22/03/2010";
"ZB";"Salòria (2.451 m)";"A";"42,51939";"1,36597";"POINT (1.36597 42.51939)";"Salòria";"2.451";"250175";"Alins";"26";"Pallars Sobirà";"25";"Lleida";"1";"XEMA";"2";"Operativa";"30/09/2004";
"C6";"Castellnou de Seana";"A";"41,65662";"0,95172";"POINT (0.95172 41.65662)";"Abocador comarcal";"264";"250680";"Castellnou de Seana";"27";"Pla d'Urgell";"25";"Lleida";"1";"XEMA";"2";"Operativa";"16/12/1995";
"XW";"Lleida - la Bordeta";"A";"41,59822";"0,64855";"POINT (0.64855 41.59822)";"Torre de Vallverdú";"165";"251207";"Lleida";"33";"Segrià";"25";"Lleida";"1";"XEMA";"1";"Desmantellada";"24/07/2013";"17/10/2018"
"W5";"Oliana";"A";"42,07683";"1,31489";"POINT (1.31489 42.07683)";"Partida Esclotes";"491";"251497";"Oliana";"4";"Alt Urgell";"25";"Lleida";"1";"XEMA";"2";"Operativa";"22/06/2000";
"WJ";"el Masroig";"A";"41,1223";"0,72182";"POINT (0.72182 41.1223)";"Finca Terranova";"143";"430825";"El Masroig";"29";"Priorat";"43";"Tarragona";"1";"XEMA";"2";"Operativa";"20/06/2000";
"V9";"Miralcamp";"A";"41,61333";"0,87608";"POINT (0.87608 41.61333)";"Partida la Boletera";"256";"251351";"Miralcamp";"27";"Pla d'Urgell";"25";"Lleida";"1";"XEMA";"1";"Desmantellada";"26/09/1997";"01/02/2010"
"U1";"Cabanes - Mas de la Rajoleria";"A";"42,30648";"2,95481";"POINT (2.95481 42.30648)";"Mas St. Feliu, S.A., camí de St. Feli, s/n";"31";"170307";"Cabanes";"2";"Alt Empordà";"17";"Girona";"1";"XEMA";"1";"Desmantellada";"11/06/1991";"10/05/2024"
"CK";"Santa Coloma de Farners";"A";"41,86472";"2,66451";"POINT (2.66451 41.86472)";"Dipòsit d'aigua";"163";"171805";"Santa Coloma de Farners";"34";"Selva";"17";"Girona";"1";"XEMA";"1";"Desmantellada";"05/02/1996";"08/06/2004"
"CL";"Sant Salvador de Guardiola";"A";"41,67403";"1,76797";"POINT (1.76797 41.67403)";"Urbanització Miralda";"347";"80983";"Sant Salvador de Guardiola";"7";"Bages";"8";"Barcelona";"1";"XEMA";"2";"Operativa";"02/02/1996";
"WS";"Viladrau";"A";"41,84008";"2,41877";"POINT (2.41877 41.84008)";"Mas Vilarmau";"956";"172207";"Viladrau";"24";"Osona";"17";"Girona";"1";"XEMA";"2";"Operativa";"17/03/2005";
"CA";"Clariana de Cardener";"A";"41,95378";"1,5851";"POINT (1.5851 41.95378)";"Abocador comarcal";"693";"250753";"Clariana de Cardener";"35";"Solsonès";"25";"Lleida";"1";"XEMA";"1";"Desmantellada";"02/05/1996";"10/07/2012"
"YS";"Cabanes";"A";"42,32038";"2,956401";"POINT (2.956401 42.32038)";"Futura deixalleria";"35";"170307";"Cabanes";"2";"Alt Empordà";"17";"Girona";"1";"XEMA";"2";"Operativa";"13/05/2024";
"CP";"Sant Romà d'Abella";"A";"42,13922";"1,03894";"POINT (1.03894 42.13922)";"Sant Romà d'Abella - el Tossal";"689";"251155";"Isona i Conca Dellà";"25";"Pallars Jussà";"25";"Lleida";"1";"XEMA";"2";"Operativa";"20/05/1996";
"CR";"la Quar";"A";"42,08032";"1,96244";"POINT (1.96244 42.08032)";"Sant Maurici";"872";"81770";"La Quar";"14";"Berguedà";"8";"Barcelona";"1";"XEMA";"2";"Operativa";"13/03/1996";
"WB";"Albesa";"A";"41,76034";"0,67022";"POINT (0.67022 41.76034)";"Partida l'Eral, camí del Torricó";"268";"250083";"Albesa";"23";"Noguera";"25";"Lleida";"1";"XEMA";"2";"Operativa";"21/06/1999";
"XR";"Prades";"A";"41,31481";"0,98161";"POINT (0.98161 41.31481)";"La Comanda";"927";"431166";"Prades";"8";"Baix Camp";"43";"Tarragona";"1";"XEMA";"2";"Operativa";"31/01/2013";
"VP";"Pinós";"A";"41,80483";"1,53853";"POINT (1.53853 41.80483)";"Masia Can Caselles";"660";"251673";"Pinós";"35";"Solsonès";"25";"Lleida";"1";"XEMA";"2";"Operativa";"03/07/1995";
"YX";"Batea";"A";"41,08318";"0,31694";"POINT (0.31694 41.08318)";"Turó estació transferència";"403";"430228";"Batea";"37";"Terra Alta";"43";"Tarragona";"1";"XEMA";"2";"Operativa";"31/07/2025";
"V6";"Viladrau - Aigües de Viladrau";"A";"41,84256";"2,42636";"POINT (2.42636 41.84256)";"Camí vell de Viladrau, s/n";"871";"170097";"Arbúcies";"34";"Selva";"17";"Girona";"1";"XEMA";"1";"Desmantellada";"03/10/1995";"29/03/2005"
"UI";"Gisclareny";"A";"42,26478";"1,76216";"POINT (1.76216 42.26478)";"Coll de la Bena - Font del Cabrer";"1.388";"80930";"Gisclareny";"14";"Berguedà";"8";"Barcelona";"1";"XEMA";"2";"Operativa";"12/03/1999";
"DJ";"Banyoles";"A";"42,11655";"2,78971";"POINT (2.78971 42.11655)";"Abocador comarcal de Puigpalter";"178";"170157";"Banyoles";"28";"Pla de l'Estany";"17";"Girona";"1";"XEMA";"2";"Operativa";"11/10/1999";
"WF";"Vilablareix";"A";"41,95425";"2,77578";"POINT (2.77578 41.95425)";"Mas Saüch";"108";"172155";"Vilablareix";"20";"Gironès";"17";"Girona";"1";"XEMA";"1";"Desmantellada";"11/04/2001";"01/10/2015"
"WI";"Maials";"A";"41,35741";"0,4809";"POINT (0.4809 41.35741)";"Paratge d'Argelagar";"350";"251333";"Maials";"33";"Segrià";"25";"Lleida";"1";"XEMA";"2";"Operativa";"20/12/2000";
"UX";"Ulldecona - els Valentins";"A";"40,62653";"0,3711";"POINT (0.3711 40.62653)";"Comunitat de regants del Pou Valentins";"211";"431567";"Ulldecona";"22";"Montsià";"43";"Tarragona";"1";"XEMA";"2";"Operativa";"15/11/1990";
"VY";"Nulles";"A";"41,25095";"1,29863";"POINT (1.29863 41.25095)";"Cooperativa agrària";"239";"430982";"Nulles";"1";"Alt Camp";"43";"Tarragona";"1";"XEMA";"2";"Operativa";"18/09/2000";
"YO";"Sant Sadurní d'Anoia";"A";"41,4353";"1,79322";"POINT (1.79322 41.4353)";"Camp de civada entre vinyes";"155";"82401";"Sant Sadurní d'Anoia";"3";"Alt Penedès";"8";"Barcelona";"1";"XEMA";"2";"Operativa";"07/05/2021";
"Y7";"Port de Barcelona - Bocana Sud";"A";"41,31726";"2,16539";"POINT (2.16539 41.31726)";"Port de Barcelona";"3";"81691";"El Prat de Llobregat";"11";"Baix Llobregat";"8";"Barcelona";"1";"XEMA";"2";"Operativa";"08/04/2015";
"XC";"Castellbisbal";"A";"41,47892";"1,97546";"POINT (1.97546 41.47892)";"Turó de la Verdalaga";"146";"80543";"Castellbisbal";"40";"Vallès Occidental";"8";"Barcelona";"1";"XEMA";"2";"Operativa";"18/03/2008";
"DQ";"Vila-rodona";"A";"41,30727";"1,3626";"POINT (1.3626 41.30727)";"Nova estació";"286";"431704";"Vila-rodona";"1";"Alt Camp";"43";"Tarragona";"1";"XEMA";"2";"Operativa";"29/07/2005";
"D8";"Horta de Sant Joan";"A";"40,95134";"0,30563";"POINT (0.30563 40.95134)";"Les Forques";"517";"430712";"Horta de Sant Joan";"37";"Terra Alta";"43";"Tarragona";"1";"XEMA";"2";"Operativa";"28/01/1998";
"W4";"Vilafranca del Penedès - la Granada";"A";"41,36619";"1,72859";"POINT (1.72859 41.36619)";"Rasa de Sagols";"240";"83054";"Vilafranca del Penedès";"3";"Alt Penedès";"8";"Barcelona";"1";"XEMA";"2";"Operativa";"25/12/1999";
"YA";"Puigcerdà";"A";"42,44013";"1,93482";"POINT (1.93482 42.44013)";"Poliesportiu municipal";"1.214";"171411";"Puigcerdà";"15";"Cerdanya";"17";"Girona";"1";"XEMA";"2";"Operativa";"22/03/2016";
"Z1";"Bonaigua (2.262 m)";"A";"42,64691";"0,98486";"POINT (0.98486 42.64691)";"Port de la Bonaigua";"2.262";"250241";"Alt Àneu";"26";"Pallars Sobirà";"25";"Lleida";"1";"XEMA";"2";"Operativa";"06/11/1997";
"UW";"els Alfacs";"A";"40,62725";"0,6592";"POINT (0.6592 40.62725)";"IRTA Centre d'Aqüicultura, crta. Poble Nou del Delta, km 5,5";"1";"431362";"La Ràpita";"22";"Montsià";"43";"Tarragona";"1";"XEMA";"2";"Operativa";"06/07/1994";
"UC";"Monells";"A";"41,97726";"2,99705";"POINT (2.99705 41.97726)";"Finca Camps i Armet - Escola Capacitació Agrària";"60";"179011";"Cruïlles, Monells i Sant Sadurní de l'Heura";"10";"Baix Empordà";"17";"Girona";"1";"XEMA";"1";"Desmantellada";"04/03/1998";"15/06/2021"
"ZD";"la Tosa d'Alp (2.478 m)";"A";"42,32213";"1,89716";"POINT (1.89716 42.32213)";"Tosa d'Alp";"2.478";"170062";"Alp";"15";"Cerdanya";"17";"Girona";"1";"XEMA";"2";"Operativa";"04/09/2014";
"D1";"Margalef";"A";"41,28522";"0,75387";"POINT (0.75387 41.28522)";"Dipòsit d'aigua";"404";"430751";"Margalef";"29";"Priorat";"43";"Tarragona";"1";"XEMA";"2";"Operativa";"14/01/1996";
"YJ";"Lleida - la Femosa";"A";"41,58449";"0,64217";"POINT (0.64217 41.58449)";"la Gabarrera";"170";"251207";"Lleida";"33";"Segrià";"25";"Lleida";"1";"XEMA";"2";"Operativa";"21/08/2018";
"U7";"Aldover";"A";"40,85936";"0,50525";"POINT (0.50525 40.85936)";"Granges de Fabra";"53";"430069";"Aldover";"9";"Baix Ebre";"43";"Tarragona";"1";"XEMA";"2";"Operativa";"31/12/1994";
"YY";"Viladecans - les Filipines";"A";"41,28797";"2,04487";"POINT (2.04487 41.28797)";"Zona agrícola experimental";"2";"83015";"Viladecans";"11";"Baix Llobregat";"8";"Barcelona";"1";"XEMA";"2";"Operativa";"11/02/2026";
"YM";"Granollers";"A";"41,60929";"2,29847";"POINT (2.29847 41.60929)";"Parc del Puig de les Tres Torres";"211";"80961";"Granollers";"41";"Vallès Oriental";"8";"Barcelona";"1";"XEMA";"2";"Operativa";"17/09/2019";
"VA";"Ascó";"A";"41,1964";"0,51101";"POINT (0.51101 41.1964)";"Camí de la Serra de les Moncas";"258";"430192";"Ascó";"30";"Ribera d'Ebre";"43";"Tarragona";"1";"XEMA";"2";"Operativa";"15/06/1998";
"Y4";"Alinyà";"A";"42,17427";"1,42769";"POINT (1.42769 42.17427)";"Tossal de Salamó";"1.161";"259084";"Fígols i Alinyà";"4";"Alt Urgell";"25";"Lleida";"1";"XEMA";"2";"Operativa";"01/07/2014";
"Z6";"Sasseuva (2.226 m)";"A";"42,77011";"0,73198";"POINT (0.73198 42.77011)";"Sasseuva";"2.226";"250313";"Arres";"39";"Val d'Aran";"25";"Lleida";"1";"XEMA";"2";"Operativa";"20/09/2001";
"VZ";"Espolla";"A";"42,38443";"3,00739";"POINT (3.00739 42.38443)";"Llaurants. Ref. Cadastral: Pol. 5, parc.195";"84";"170643";"Espolla";"2";"Alt Empordà";"17";"Girona";"1";"XEMA";"2";"Operativa";"07/06/2000";
"VO";"Lladurs";"A";"42,08745";"1,42792";"POINT (1.42792 42.08745)";"Masia el Pla - Montpol";"786";"251240";"Lladurs";"35";"Solsonès";"25";"Lleida";"1";"XEMA";"2";"Operativa";"05/05/1998";
"D4";"Roses";"A";"42,27068";"3,18147";"POINT (3.18147 42.27068)";"Poliesportiu Municipal";"23";"171523";"Roses";"2";"Alt Empordà";"17";"Girona";"1";"XEMA";"2";"Operativa";"07/02/1996";
"YK";"Terrassa";"A";"41,55363";"1,99006";"POINT (1.99006 41.55363)";"Can Poal";"314";"82798";"Terrassa";"40";"Vallès Occidental";"8";"Barcelona";"1";"XEMA";"2";"Operativa";"20/12/2018";
"DP";"Das - Aeròdrom";"A";"42,38603";"1,86639";"POINT (1.86639 42.38603)";"Aeròdrom de la Cerdanya";"1.096";"170617";"Das";"15";"Cerdanya";"17";"Girona";"1";"XEMA";"2";"Operativa";"22/05/2001";
"X5";"PN dels Ports";"A";"40,79705";"0,31822";"POINT (0.31822 40.79705)";"Montpublic 21 sector Cova Avellanes";"1.056";"431331";"Roquetes";"9";"Baix Ebre";"43";"Tarragona";"1";"XEMA";"2";"Operativa";"04/01/2007";
"VJ";"Lleida - pla de Lleida";"A";"41,59957";"0,6478";"POINT (0.6478 41.59957)";"C. Pla de Lleida, 10 - Bordeta";"161";"251207";"Lleida";"33";"Segrià";"25";"Lleida";"1";"XEMA";"1";"Desmantellada";"16/09/1997";"24/07/2013"
"Y9";"Port de Barcelona - ZAL Prat (ca l'Arana)";"A";"41,31723";"2,13091";"POINT (2.13091 41.31723)";"Port de Barcelona";"4";"81691";"El Prat de Llobregat";"11";"Baix Llobregat";"8";"Barcelona";"1";"XEMA";"1";"Desmantellada";"26/06/2015";"30/11/2021"
"VN";"Vilobí d'Onyar";"A";"41,88244";"2,74262";"POINT (2.74262 41.88244)";"Camps de Can Salvà";"117";"172333";"Vilobí d'Onyar";"34";"Selva";"17";"Girona";"1";"XEMA";"1";"Desmantellada";"10/11/1998";"10/09/2024"
"Z2";"Boí (2.537 m)";"A";"42,46603";"0,88403";"POINT (0.88403 42.46603)";"Vall de Boí";"2.537";"250432";"La Vall de Boí";"5";"Alta Ribagorça";"25";"Lleida";"1";"XEMA";"2";"Operativa";"13/11/1998";
"R1";"el Pont de Vilomara";"A";"41,70637";"1,87276";"POINT (1.87276 41.70637)";"Planta de reciclatge de piles i fluorescents";"210";"81825";"El Pont de Vilomara i Rocafort";"7";"Bages";"8";"Barcelona";"1";"XEMA";"1";"Desmantellada";"02/03/2000";"01/11/2019"
"KE";"Pantà de Sau";"A";"41,96861";"2,41409";"POINT (2.41409 41.96861)";"Central hidroelèctrica de Sau";"436";"83036";"Vilanova de Sau";"24";"Osona";"8";"Barcelona";"1";"XEMA";"2";"Operativa";"05/01/1996";
"CS";"Viladrau - centre";"A";"41,84502";"2,3881";"POINT (2.3881 41.84502)";"Mas del Torrent";"777";"172207";"Viladrau";"24";"Osona";"17";"Girona";"1";"XEMA";"1";"Desmantellada";"05/12/1995";"08/06/2004"
"J5";"Pantà de Darnius - Boadella";"A";"42,34214";"2,83425";"POINT (2.83425 42.34214)";"Presa del Pantà de Darnius - Boadella";"159";"170600";"Darnius";"2";"Alt Empordà";"17";"Girona";"1";"XEMA";"2";"Operativa";"05/01/1996";
"WP";"Canaletes";"A";"41,48518";"1,69341";"POINT (1.69341 41.48518)";"Camp del Roure - Can Feixes";"325";"81228";"Mediona";"3";"Alt Penedès";"8";"Barcelona";"1";"XEMA";"2";"Operativa";"17/05/2002";
"XJ";"Girona";"A";"41,98215";"2,80552";"POINT (2.80552 41.98215)";"Horts de Santa Eugènia";"72";"170792";"Girona";"20";"Gironès";"17";"Girona";"1";"XEMA";"2";"Operativa";"15/09/2010";
"CF";"Lloret de Mar";"A";"41,72346";"2,84282";"POINT (2.84282 41.72346)";"Abocador municipal";"63,3";"170950";"Lloret de Mar";"34";"Selva";"17";"Girona";"1";"XEMA";"1";"Desmantellada";"05/02/1996";"16/06/2003"
"WO";"la Bisbal del Penedès";"A";"41,27151";"1,46717";"POINT (1.46717 41.27151)";"Fondo de Cal Sumoi";"185";"430287";"La Bisbal del Penedès";"12";"Baix Penedès";"43";"Tarragona";"1";"XEMA";"2";"Operativa";"16/05/2002";
"CZ";"Ulldemolins - Zona Esportiva";"A";"41,3191";"0,87868";"POINT (0.87868 41.3191)";"Poliesportiu municipal";"631";"431573";"Ulldemolins";"29";"Priorat";"43";"Tarragona";"1";"XEMA";"1";"Desmantellada";"04/03/1996";"15/04/2008"
"X7";"Torres de Segre";"A";"41,51908";"0,55316";"POINT (0.55316 41.51908)";"Torres de Segre";"215";"252326";"Torres de Segre";"33";"Segrià";"25";"Lleida";"1";"XEMA";"2";"Operativa";"02/07/2007";
"Y5";"Navata";"A";"42,22792";"2,86242";"POINT (2.86242 42.22792)";"Can Tries";"152";"171117";"Navata";"2";"Alt Empordà";"17";"Girona";"1";"XEMA";"2";"Operativa";"26/08/2014";
"X1";"Falset";"A";"41,15374";"0,81952";"POINT (0.81952 41.15374)";"Abocador comarcal. Crta de Porrera";"358";"430555";"Falset";"29";"Priorat";"43";"Tarragona";"1";"XEMA";"2";"Operativa";"20/12/2006";
"VD";"el Canós";"A";"41,68938";"1,20383";"POINT (1.20383 41.68938)";"Camí de la Figuerosa";"430";"259118";"Els Plans de Sió";"32";"Segarra";"25";"Lleida";"1";"XEMA";"2";"Operativa";"22/10/1988";
"ZE";"el Port del Comte (2.288 m)";"A";"42,19084";"1,53213";"POINT (1.53213 42.19084)";"Port del Comte - Estivella";"2.288";"251636";"La Coma i la Pedra";"35";"Solsonès";"25";"Lleida";"1";"XEMA";"2";"Operativa";"21/09/2023";
"YE";"Massoteres";"A";"41,79405";"1,30575";"POINT (1.30575 41.79405)";"la Creu de Massoteres";"512";"251327";"Massoteres";"32";"Segarra";"25";"Lleida";"1";"XEMA";"2";"Operativa";"17/05/2017";
"WK";"Alfarràs";"A";"41,81952";"0,57767";"POINT (0.57767 41.81952)";"Escola de Capacitació Agrària d'Alfarràs(de 1997 a 2001, és Almenar)";"269";"250138";"Alfarràs";"33";"Segrià";"25";"Lleida";"1";"XEMA";"2";"Operativa";"17/09/1997";
"U9";"l'Aldea";"A";"40,76946";"0,61635";"POINT (0.61635 40.76946)";"Barranc del Mas Roig";"64";"439044";"L'Aldea";"9";"Baix Ebre";"43";"Tarragona";"1";"XEMA";"2";"Operativa";"03/06/1991";
"DN";"Anglès";"A";"41,96093";"2,6311";"POINT (2.6311 41.96093)";"Poliesportiu municipal";"151";"170084";"Anglès";"34";"Selva";"17";"Girona";"1";"XEMA";"2";"Operativa";"10/05/2001";
"YD";"les Borges Blanques";"A";"41,51124";"0,8561";"POINT (0.8561 41.51124)";"Escola Agrària de les Borges Blanques";"283";"250582";"Les Borges Blanques";"18";"Garrigues";"25";"Lleida";"1";"XEMA";"2";"Operativa";"25/01/2017";
"VT";"Cerdanyola del Vallès";"A";"41,48401";"2,12745";"POINT (2.12745 41.48401)";"Parc Tecnològic del Vallès. Masia Can Fatjó del Molí";"84";"82665";"Cerdanyola del Vallès";"40";"Vallès Occidental";"8";"Barcelona";"1";"XEMA";"1";"Desmantellada";"15/05/1998";"03/01/2014"
"CN";"Guardiola de Berguedà - Escola";"A";"42,22903";"1,87672";"POINT (1.87672 42.22903)";"Centre d'Assistència Primària";"719,8";"80996";"Guardiola de Berguedà";"14";"Berguedà";"8";"Barcelona";"1";"XEMA";"1";"Desmantellada";"20/02/1996";"21/03/2005"
"VF";"Alcarràs - Torrent d'Alcarràs";"A";"41,56482";"0,54999";"POINT (0.54999 41.56482)";"Partida Graminella";"122";"250117";"Alcarràs";"33";"Segrià";"25";"Lleida";"1";"XEMA";"1";"Desmantellada";"17/09/1997";"31/07/2013"
"U4";"Castellnou de Bages";"A";"41,83094";"1,84699";"POINT (1.84699 41.83094)";"Masia Can Vilaseca";"507";"80620";"Castellnou de Bages";"7";"Bages";"8";"Barcelona";"1";"XEMA";"2";"Operativa";"22/01/1998";
"Z8";"el Port del Comte (2.316 m)";"A";"42,18254";"1,52407";"POINT (1.52407 42.18254)";"Port del Comte";"2.316";"251636";"La Coma i la Pedra";"35";"Solsonès";"25";"Lleida";"1";"XEMA";"1";"Desmantellada";"03/10/2002";"17/09/2024"
"XY";"Alcarràs";"A";"41,56505";"0,55029";"POINT (0.55029 41.56505)";"Central del revés";"125";"250117";"Alcarràs";"33";"Segrià";"25";"Lleida";"1";"XEMA";"2";"Operativa";"31/07/2013";
"U2";"Sant Pere Pescador";"A";"42,17716";"3,0968";"POINT (3.0968 42.17716)";"Mas Blanc, Mas Fages 17";"3";"171788";"Sant Pere Pescador";"2";"Alt Empordà";"17";"Girona";"1";"XEMA";"2";"Operativa";"01/05/1989";
"DF";"la Bisbal d'Empordà";"A";"41,97752";"3,03551";"POINT (3.03551 41.97752)";"Estació depuradora";"30";"170221";"La Bisbal d'Empordà";"10";"Baix Empordà";"17";"Girona";"1";"XEMA";"2";"Operativa";"25/03/1998";
"VR";"Tornabous - Montargull";"A";"41,68994";"1,04401";"POINT (1.04401 41.68994)";"Masia Mignot";"291";"252252";"Tornabous";"38";"Urgell";"25";"Lleida";"1";"XEMA";"1";"Desmantellada";"17/09/1997";"06/08/2013"
"CG";"Molló - Fabert";"A";"42,37718";"2,41452";"POINT (2.41452 42.37718)";"Veïnat de Fabert";"1.405";"171077";"Molló";"31";"Ripollès";"17";"Girona";"1";"XEMA";"2";"Operativa";"06/06/1996";
"XA";"la Panadella";"A";"41,60257";"1,4007";"POINT (1.4007 41.60257)";"La Creu del Vent";"783";"81332";"Montmaneu";"6";"Anoia";"8";"Barcelona";"1";"XEMA";"2";"Operativa";"18/12/2008";
"WL";"Sant Martí de Riucorb";"A";"41,57236";"1,0882";"POINT (1.0882 41.57236)";"Camí de les Comes, pol. 2, parc. 137";"414";"259025";"Sant Martí de Riucorb";"38";"Urgell";"25";"Lleida";"1";"XEMA";"2";"Operativa";"05/02/2002";
"CQ";"Vilanova de Meià";"A";"41,99546";"1,02569";"POINT (1.02569 41.99546)";"Camp de fútbol";"594";"252509";"Vilanova de Meià";"23";"Noguera";"25";"Lleida";"1";"XEMA";"2";"Operativa";"01/04/1996";
"VV";"Sant Llorenç Savall";"A";"41,68136";"2,02655";"POINT (2.02655 41.68136)";"Masia Can Brossa";"530";"82233";"Sant Llorenç Savall";"40";"Vallès Occidental";"8";"Barcelona";"1";"XEMA";"2";"Operativa";"25/03/1998";
"VX";"Tagamanent - PN del Montseny";"A";"41,7476";"2,3029";"POINT (2.3029 41.7476)";"Can Bellver - Serrat de Bellver. Parc Natural del Montseny";"1.030";"82763";"Tagamanent";"41";"Vallès Oriental";"8";"Barcelona";"1";"XEMA";"2";"Operativa";"04/01/1996";
"DB";"el Perelló";"A";"40,87289";"0,71577";"POINT (0.71577 40.87289)";"Dipòsit d'aigua";"180";"431042";"El Perelló";"9";"Baix Ebre";"43";"Tarragona";"1";"XEMA";"2";"Operativa";"05/02/1998";
"VB";"Benissanet";"A";"41,06303";"0,6355";"POINT (0.6355 41.06303)";"Grup Fruiter Benissanet, crta. de Mora, s/n";"34";"430265";"Benissanet";"30";"Ribera d'Ebre";"43";"Tarragona";"1";"XEMA";"2";"Operativa";"14/07/1993";
"WV";"Guardiola de Berguedà";"A";"42,23414";"1,87485";"POINT (1.87485 42.23414)";"Monestir de Sant Llorenç prop Bagà";"787";"80996";"Guardiola de Berguedà";"14";"Berguedà";"8";"Barcelona";"1";"XEMA";"2";"Operativa";"28/11/2005";
"YU";"Cantonigròs";"A";"42,04264";"2,40474";"POINT (2.40474 42.04264)";"Àrea d'autocaravanes";"927";"82541";"l'Esquirol";"24";"Osona";"8";"Barcelona";"1";"XEMA";"2";"Operativa";"18/02/2025";
"UU";"Amposta";"A";"40,70776";"0,63211";"POINT (0.63211 40.70776)";"IRTA - Estació Exp. Ebre, ctra. de Balada, s/n";"3";"430141";"Amposta";"22";"Montsià";"43";"Tarragona";"1";"XEMA";"2";"Operativa";"06/02/1992";
"V1";"Vallfogona de Balaguer";"A";"41,78487";"0,82939";"POINT (0.82939 41.78487)";"Escola de Cap. Agrària - Finca l'Empalme";"239";"252402";"Vallfogona de Balaguer";"23";"Noguera";"25";"Lleida";"1";"XEMA";"2";"Operativa";"17/10/1990";
"DD";"Vilassar de Mar";"A";"41,51175";"2,38674";"POINT (2.38674 41.51175)";"Soc.Civil d'Aigües ""La Mina Vella""";"44,5";"82191";"Vilassar de Mar";"21";"Maresme";"8";"Barcelona";"1";"XEMA";"1";"Desmantellada";"04/05/1998";"16/01/2015"
"CT";"el Pont de Suert";"A";"42,39809";"0,74364";"POINT (0.74364 42.39809)";"Depuradora municipal";"824";"251734";"El Pont de Suert";"5";"Alta Ribagorça";"25";"Lleida";"1";"XEMA";"2";"Operativa";"14/02/1996";
"CY";"Muntanyola";"A";"41,8781";"2,17875";"POINT (2.17875 41.8781)";"Esglèsia de St. Quirze i Sta. Julita";"816";"81290";"Muntanyola";"24";"Osona";"8";"Barcelona";"1";"XEMA";"2";"Operativa";"12/01/1996";
"DC";"Olot - pla de Baix";"A";"42,19144";"2,48263";"POINT (2.48263 42.19144)";"Heliport Mossos d'Esquadra";"421,5";"171143";"Olot";"19";"Garrotxa";"17";"Girona";"1";"XEMA";"1";"Desmantellada";"24/04/1998";"21/07/2016"
"CC";"Orís";"A";"42,07397";"2,20865";"POINT (2.20865 42.07397)";"Abocador comarcal";"627";"81509";"Orís";"24";"Osona";"8";"Barcelona";"1";"XEMA";"2";"Operativa";"15/11/1995";
"WN";"Montserrat - Sant Dimes";"A";"41,59539";"1,8375";"POINT (1.8375 41.59539)";"Ermita de Sant Dimes";"918";"81271";"Monistrol de Montserrat";"7";"Bages";"8";"Barcelona";"1";"XEMA";"2";"Operativa";"02/01/2003";
"U6";"Vinyols i els Arcs - Cambrils";"A";"41,08015";"1,06661";"POINT (1.06661 41.08015)";"Casa Sant Josep - Escola la Salle";"30";"431785";"Vinyols i els Arcs";"8";"Baix Camp";"43";"Tarragona";"1";"XEMA";"2";"Operativa";"17/05/1989";
"YC";"la Pobla de Segur";"A";"42,24385";"0,96801";"POINT (0.96801 42.24385)";"Horta de les Feixes";"508";"251713";"La Pobla de Segur";"25";"Pallars Jussà";"25";"Lleida";"1";"XEMA";"2";"Operativa";"18/11/2016";
"UV";"Mas de Barberans - Mitanplana";"A";"40,71727";"0,41633";"POINT (0.41633 40.71727)";"Finca del Sifonero";"205";"430770";"Mas de Barberans";"22";"Montsià";"43";"Tarragona";"1";"XEMA";"1";"Desmantellada";"17/11/1992";"03/01/2011"
"CI";"Sant Pau de Segúries";"A";"42,25835";"2,36426";"POINT (2.36426 42.25835)";"Estació meteorològica municipal";"853";"171772";"Sant Pau de Segúries";"31";"Ripollès";"17";"Girona";"1";"XEMA";"2";"Operativa";"24/11/1995";
"Z4";"Ulldeter (2.364 m)";"A";"42,42205";"2,2524";"POINT (2.2524 42.42205)";"Ulldeter";"2.364";"171925";"Setcases";"31";"Ripollès";"17";"Girona";"1";"XEMA";"1";"Desmantellada";"08/11/2000";"20/09/2011"
"W9";"la Vall d'en Bas";"A";"42,14557";"2,4545";"POINT (2.4545 42.14557)";"Escola Verntallat";"461";"172076";"La Vall d'en Bas";"19";"Garrotxa";"17";"Girona";"1";"XEMA";"2";"Operativa";"16/03/2000";
"XN";"Seròs";"A";"41,46373";"0,42766";"POINT (0.42766 41.46373)";"EDAR Aitona-Seròs";"89";"252043";"Seròs";"33";"Segrià";"25";"Lleida";"1";"XEMA";"2";"Operativa";"15/12/2011";
"WH";"Bellvís";"A";"41,67342";"0,8129";"POINT (0.8129 41.67342)";"Molí de Balaguer, crta. de Térmens";"196";"250523";"Bellvís";"27";"Pla d'Urgell";"25";"Lleida";"1";"XEMA";"1";"Desmantellada";"17/09/1997";"17/11/2004"
"C7";"Tàrrega";"A";"41,66696";"1,16229";"POINT (1.16229 41.66696)";"Abocador comarcal";"429";"252173";"Tàrrega";"38";"Urgell";"25";"Lleida";"1";"XEMA";"2";"Operativa";"06/11/1995";
"UO";"Fornells de la Selva";"A";"41,91461";"2,82071";"POINT (2.82071 41.91461)";"La Torre de Reset";"97";"170736";"Fornells de la Selva";"20";"Gironès";"17";"Girona";"1";"XEMA";"2";"Operativa";"10/11/1998";
"CX";"Vic - 1";"A";"41,93582";"2,23857";"POINT (2.23857 41.93582)";"Estadi d'atletisme";"497,8";"82981";"Vic";"24";"Osona";"8";"Barcelona";"1";"XEMA";"1";"Desmantellada";"18/01/1996";"01/01/2003"
"XD";"Ulldemolins";"A";"41,31999";"0,8857";"POINT (0.8857 41.31999)";"Pigrossos";"687";"431573";"Ulldemolins";"29";"Priorat";"43";"Tarragona";"1";"XEMA";"2";"Operativa";"17/04/2008";
"KP";"Fogars de la Selva";"A";"41,73892";"2,69438";"POINT (2.69438 41.73892)";"Can Simó";"42";"80826";"Fogars de la Selva";"34";"Selva";"8";"Barcelona";"1";"XEMA";"2";"Operativa";"05/01/1996";
"WD";"Batea - Granja de Pere el Sec";"A";"41,08671";"0,31884";"POINT (0.31884 41.08671)";"Clos Cóssos";"382";"430228";"Batea";"37";"Terra Alta";"43";"Tarragona";"1";"XEMA";"1";"Desmantellada";"23/12/1999";"31/07/2025"
"WW";"Artés";"A";"41,79424";"1,93683";"POINT (1.93683 41.79424)";"Artés";"287";"80109";"Artés";"7";"Bages";"8";"Barcelona";"1";"XEMA";"2";"Operativa";"16/02/2006";
"VS";"Lac Redon (2.245 m)";"A";"42,63836";"0,7789";"POINT (0.7789 42.63836)";"Lac Redon - Tuc deth Pòrt de Vielha";"2.245";"252430";"Vielha e Mijaran";"39";"Val d'Aran";"25";"Lleida";"1";"XEMA";"2";"Operativa";"15/07/1999";
"CV";"la Pobla de Segur - Bombers";"A";"42,23939";"0,96434";"POINT (0.96434 42.23939)";"Parc de Bombers";"513,3";"251713";"La Pobla de Segur";"25";"Pallars Jussà";"25";"Lleida";"1";"XEMA";"1";"Desmantellada";"22/12/1995";"18/11/2016"
"WG";"Algerri";"A";"41,80106";"0,64801";"POINT (0.64801 41.80106)";"Comunitat de regants d'Algerri, ctra. d'Albesa, s/n";"301";"250156";"Algerri";"23";"Noguera";"25";"Lleida";"1";"XEMA";"2";"Operativa";"13/12/2000";
"V8";"el Poal";"A";"41,6728";"0,87743";"POINT (0.87743 41.6728)";"Finca el Molinet, c. Afores, s/n";"224";"251689";"El Poal";"27";"Pla d'Urgell";"25";"Lleida";"1";"XEMA";"2";"Operativa";"14/09/1989";
"UA";"l'Ametlla de Mar";"A";"40,9091";"0,76943";"POINT (0.76943 40.9091)";"Caseta d'en Butxaca";"94";"430136";"L'Ametlla de Mar";"9";"Baix Ebre";"43";"Tarragona";"1";"XEMA";"2";"Operativa";"29/08/1995";
"CD";"la Seu d'Urgell - Bellestar";"A";"42,37083";"1,43279";"POINT (1.43279 42.37083)";"Abocador comarcal";"849";"252038";"La Seu d'Urgell";"4";"Alt Urgell";"25";"Lleida";"1";"XEMA";"2";"Operativa";"16/01/1996";
"D2";"Vacarisses";"A";"41,59251";"1,91499";"POINT (1.91499 41.59251)";"Planta potabilitzadora";"343";"82917";"Vacarisses";"40";"Vallès Occidental";"8";"Barcelona";"1";"XEMA";"2";"Operativa";"15/02/1996";
"CJ";"Organyà";"A";"42,21622";"1,33133";"POINT (1.33133 42.21622)";"Càmping municipal";"568";"251556";"Organyà";"4";"Alt Urgell";"25";"Lleida";"1";"XEMA";"2";"Operativa";"16/01/1996";
"Z3";"Malniu (2.229 m)";"A";"42,46605";"1,7785";"POINT (1.7785 42.46605)";"Estany de Malniu";"2.229";"170998";"Meranges";"15";"Cerdanya";"17";"Girona";"1";"XEMA";"2";"Operativa";"03/11/1999";
"X6";"Baldomar";"A";"41,92173";"1,02901";"POINT (1.02901 41.92173)";"Baldomar";"366";"250349";"Artesa de Segre";"23";"Noguera";"25";"Lleida";"1";"XEMA";"2";"Operativa";"24/10/2006";
"DL";"Illa de Buda";"A";"40,70717";"0,83447";"POINT (0.83447 40.70717)";"Mas de Buda";"1";"439023";"Sant Jaume d'Enveja";"22";"Montsià";"43";"Tarragona";"1";"XEMA";"2";"Operativa";"14/07/1999";
"VQ";"Constantí";"A";"41,1713";"1,16774";"POINT (1.16774 41.1713)";"IRTA - Centre de Mas Bové. Apt. correus 415";"113";"430477";"Constantí";"36";"Tarragonès";"43";"Tarragona";"1";"XEMA";"2";"Operativa";"29/05/1990";
"YP";"Palafrugell";"A";"41,90694";"3,16073";"POINT (3.16073 41.90694)";"Horts urbans";"35";"171175";"Palafrugell";"10";"Baix Empordà";"17";"Girona";"1";"XEMA";"2";"Operativa";"02/12/2021";
"WZ";"Cunit";"A";"41,20187";"1,63346";"POINT (1.63346 41.20187)";"-";"18";"430516";"Cunit";"12";"Baix Penedès";"43";"Tarragona";"1";"XEMA";"2";"Operativa";"27/06/2006";
"Z9";"Cadí Nord (2.145 m) - Prat d'Aguiló";"A";"42,29265";"1,71498";"POINT (1.71498 42.29265)";"Cadí Nord - Prat d'Aguiló";"2.145";"251399";"Montellà i Martinet";"15";"Cerdanya";"25";"Lleida";"1";"XEMA";"2";"Operativa";"06/11/2003";
"UE";"Torroella de Montgrí";"A";"42,02306";"3,15719";"POINT (3.15719 42.02306)";"la Feixa Gata";"4";"171997";"Torroella de Montgrí";"10";"Baix Empordà";"17";"Girona";"1";"XEMA";"2";"Operativa";"09/06/1999";
"UY";"Os de Balaguer - el Monestir d'Avellanes";"A";"41,87912";"0,76103";"POINT (0.76103 41.87912)";"Quatre Vents - Monestir de les Avellanes";"577";"251569";"Os de Balaguer";"23";"Noguera";"25";"Lleida";"1";"XEMA";"2";"Operativa";"07/07/1995";
"MQ";"Cardona";"A";"41,92044";"1,69586";"POINT (1.69586 41.92044)";"Boca nord del túnel de desviament del Cardener";"402";"80478";"Cardona";"7";"Bages";"8";"Barcelona";"1";"XEMA";"2";"Operativa";"16/01/2003";
"XF";"Sabadell - Parc Agrari";"A";"41,56568";"2,06955";"POINT (2.06955 41.56568)";"Parc Agrari";"259";"81878";"Sabadell";"40";"Vallès Occidental";"8";"Barcelona";"1";"XEMA";"2";"Operativa";"23/10/2008";
"VH";"Gimenells";"A";"41,65825";"0,3932";"POINT (0.3932 41.65825)";"IRTA - Estació de Gimenells";"260";"259123";"Gimenells i el Pla de la Font";"33";"Segrià";"25";"Lleida";"1";"XEMA";"2";"Operativa";"10/12/1996";
"V3";"Gurb";"A";"41,95224";"2,23271";"POINT (2.23271 41.95224)";"Masia Can Borra";"509";"81000";"Gurb";"24";"Osona";"8";"Barcelona";"1";"XEMA";"1";"Desmantellada";"31/03/1999";"15/11/2022"
"XV";"Sant Cugat del Vallès - CAR";"A";"41,48318";"2,07947";"POINT (2.07947 41.48318)";"Centre d'Alt Rendiment";"157";"82055";"Sant Cugat del Vallès";"40";"Vallès Occidental";"8";"Barcelona";"1";"XEMA";"2";"Operativa";"08/08/2013";
"CU";"Vielha";"A";"42,69856";"0,79397";"POINT (0.79397 42.69856)";"Prat de Tixineret";"1.002";"252430";"Vielha e Mijaran";"39";"Val d'Aran";"25";"Lleida";"1";"XEMA";"1";"Desmantellada";"15/02/1996";"01/06/2022"
"DH";"Badalona - Mas Ram";"A";"41,47638";"2,25213";"POINT (2.25213 41.47638)";"Urb. Mas Ram - Escola Pere Vergès";"126";"80155";"Badalona";"13";"Barcelonès";"8";"Barcelona";"1";"XEMA";"1";"Desmantellada";"23/03/1998";"08/09/2005"
"MV";"Guixers - Valls";"A";"42,13595";"1,67297";"POINT (1.67297 42.13595)";"Cal Teuler";"845";"251116";"Guixers";"35";"Solsonès";"25";"Lleida";"1";"XEMA";"2";"Operativa";"17/06/2015";
"AN";"Barcelona - Av. Lluís Companys";"A";"41,39004";"2,18091";"POINT (2.18091 41.39004)";"Av. Lluís Companys (Ciutadella)";"7,5";"80193";"Barcelona";"13";"Barcelonès";"8";"Barcelona";"1";"XEMA";"1";"Desmantellada";"11/05/1992";"29/10/2002"
"UT";"Port de les Cases d'Alcanar";"A";"40,55219";"0,53252";"POINT (0.53252 40.55219)";"Port de les Cases d'Alcanar";"3";"430043";"Alcanar";"22";"Montsià";"43";"Tarragona";"1";"XEMA";"1";"Desmantellada";"31/08/1993";"11/11/2001"
"D3";"Vallirana";"A";"41,38199";"1,93565";"POINT (1.93565 41.38199)";"C. Arquitecte Baldric";"255";"82956";"Vallirana";"11";"Baix Llobregat";"8";"Barcelona";"1";"XEMA";"2";"Operativa";"28/10/1995";
"CE";"els Hostalets de Pierola";"A";"41,53107";"1,80814";"POINT (1.80814 41.53107)";"Abocador de residus";"318";"81629";"Els Hostalets de Pierola";"6";"Anoia";"8";"Barcelona";"1";"XEMA";"2";"Operativa";"31/03/1996";
"XZ";"Torroella de Fluvià";"A";"42,18138";"3,06207";"POINT (3.06207 42.18138)";;"7";"171984";"Torroella de Fluvià";"2";"Alt Empordà";"17";"Girona";"1";"XEMA";"2";"Operativa";"08/04/2014";
"YH";"Pujalt";"A";"41,71735";"1,42404";"POINT (1.42404 41.71735)";"Observatori de Pujalt";"748";"81764";"Pujalt";"6";"Anoia";"8";"Barcelona";"1";"XEMA";"2";"Operativa";"06/04/2018";
"UR";"Malgrat de Mar - Cooperativa";"A";"41,64908";"2,75209";"POINT (2.75209 41.64908)";"Cooperativa Garbí, camí del Pla, s/n. Apt. correus 80";"2";"81108";"Malgrat de Mar";"21";"Maresme";"8";"Barcelona";"1";"XEMA";"1";"Desmantellada";"09/01/1990";"04/05/2005"
"VM";"Vilanova de Segrià";"A";"41,71448";"0,62838";"POINT (0.62838 41.71448)";"Partida lo Sort";"223";"252516";"Vilanova de Segrià";"33";"Segrià";"25";"Lleida";"1";"XEMA";"2";"Operativa";"17/09/1997";
"X8";"Barcelona - Zona Universitària";"A";"41,37922";"2,10537";"POINT (2.10537 41.37922)";"Pistes UB";"82";"80193";"Barcelona";"13";"Barcelonès";"8";"Barcelona";"1";"XEMA";"2";"Operativa";"17/04/2008";
"V4";"Montesquiu";"A";"42,11479";"2,21481";"POINT (2.21481 42.11479)";"Castell de Montesquiu";"683";"81311";"Montesquiu";"24";"Osona";"8";"Barcelona";"1";"XEMA";"2";"Operativa";"02/12/1998";
"U3";"Sant Martí Sarroca";"A";"41,37492";"1,6303";"POINT (1.6303 41.37492)";"Mas Rabell de Fontenac";"257";"82270";"Sant Martí Sarroca";"3";"Alt Penedès";"8";"Barcelona";"1";"XEMA";"2";"Operativa";"24/05/1997";
"DM";"Girona - Bombers";"A";"41,96012";"2,80696";"POINT (2.80696 41.96012)";"Parc de Bombers";"90";"170792";"Girona";"20";"Gironès";"17";"Girona";"1";"XEMA";"1";"Desmantellada";"10/05/2001";"15/09/2010"
"VE";"Aitona";"A";"41,48692";"0,46058";"POINT (0.46058 41.48692)";"Camí del canal de Seròs";"97";"250387";"Aitona";"33";"Segrià";"25";"Lleida";"1";"XEMA";"1";"Desmantellada";"12/03/1998";"12/04/2022"
"VL";"Seròs - la Creu";"A";"41,46014";"0,40562";"POINT (0.40562 41.46014)";"Crta. de Seròs a la Granja d'Escarp";"100";"252043";"Seròs";"33";"Segrià";"25";"Lleida";"1";"XEMA";"1";"Desmantellada";"05/01/1998";"15/12/2011"
"US";"les Cases d'Alcanar";"A";"40,55788";"0,52329";"POINT (0.52329 40.55788)";"El Mas d'en Serra - Barranc de St. Jaume";"25";"430043";"Alcanar";"22";"Montsià";"43";"Tarragona";"1";"XEMA";"2";"Operativa";"06/05/1991";
"W1";"Castelló d'Empúries";"A";"42,24726";"3,09022";"POINT (3.09022 42.24726)";"Can Garriga - Mas Bellesguard";"5";"170470";"Castelló d'Empúries";"2";"Alt Empordà";"17";"Girona";"1";"XEMA";"2";"Operativa";"14/03/2000";
"D5";"Barcelona - Observatori Fabra";"A";"41,41864";"2,12379";"POINT (2.12379 41.41864)";"Observatori Fabra";"410";"80193";"Barcelona";"13";"Barcelonès";"8";"Barcelona";"1";"XEMA";"2";"Operativa";"03/11/1995";
"XP";"Gandesa";"A";"41,06564";"0,43006";"POINT (0.43006 41.06564)";"IRTA UETA Gandesa";"351";"430640";"Gandesa";"37";"Terra Alta";"43";"Tarragona";"1";"XEMA";"2";"Operativa";"30/11/2011";
"Z7";"Espot (2.519 m)";"A";"42,5341";"1,05474";"POINT (1.05474 42.5341)";"Espot";"2.519";"250827";"Espot";"26";"Pallars Sobirà";"25";"Lleida";"1";"XEMA";"2";"Operativa";"01/03/2002";
"YT";"Bonabé (1.691 m)";"A";"42,75094";"1,07527";"POINT (1.07527 42.75094)";"Pista de la Mina";"1.691";"250241";"Alt Àneu";"26";"Pallars Sobirà";"25";"Lleida";"1";"XEMA";"2";"Operativa";"19/09/2024";
"XI";"Mollerussa";"A";"41,61817";"0,87182";"POINT (0.87182 41.61817)";"-";"246";"251370";"Mollerussa";"27";"Pla d'Urgell";"25";"Lleida";"1";"XEMA";"2";"Operativa";"20/01/2010";
"CM";"Montmeló";"A";"41,54911";"2,24546";"POINT (2.24546 41.54911)";"Torreta de Can Campanyà";"75,2";"81350";"Montmeló";"41";"Vallès Oriental";"8";"Barcelona";"1";"XEMA";"1";"Desmantellada";"23/01/1996";"22/03/2006"
"WQ";"Montsec d'Ares (1.571 m)";"A";"42,0513";"0,72952";"POINT (0.72952 42.0513)";"Serra de la Corona - Centre d'Observació de l'Univers";"1.571";"251961";"Sant Esteve de la Sarga";"25";"Pallars Jussà";"25";"Lleida";"1";"XEMA";"2";"Operativa";"17/06/2003";
"KX";"la Roca del Vallès - ETAP Cardedeu";"A";"41,61865";"2,36114";"POINT (2.36114 41.61865)";"Planta tractament d'Aigües Ter - Llobregat";"164";"81810";"La Roca del Vallès";"41";"Vallès Oriental";"8";"Barcelona";"1";"XEMA";"2";"Operativa";"05/01/1996";
"XO";"Vic";"A";"41,93498";"2,23984";"POINT (2.23984 41.93498)";"Vic";"500";"82981";"Vic";"24";"Osona";"8";"Barcelona";"1";"XEMA";"2";"Operativa";"22/12/2011";
"X4";"Barcelona - el Raval";"A";"41,38386";"2,16774";"POINT (2.16774 41.38386)";"Facultat de Geografia i Història. c. Montalegre nº6, 6a";"33";"80193";"Barcelona";"13";"Barcelonès";"8";"Barcelona";"1";"XEMA";"2";"Operativa";"11/10/2006";
"YB";"Olot";"A";"42,18811";"2,47094";"POINT (2.47094 42.18811)";"Pla de Dalt";"435";"171143";"Olot";"19";"Garrotxa";"17";"Girona";"1";"XEMA";"2";"Operativa";"21/07/2016";
"UK";"Sant Pere de Ribes - PN del Garraf";"A";"41,27861";"1,80478";"POINT (1.80478 41.27861)";"Granja escola Can Pere";"164";"82310";"Sant Pere de Ribes";"17";"Garraf";"8";"Barcelona";"1";"XEMA";"2";"Operativa";"11/05/1999";
"YR";"Vilanova i la Geltrú";"A";"41,23578";"1,73141";"POINT (1.73141 41.23578)";"Circuit de ciclisme";"32";"83073";"Vilanova i la Geltrú";"17";"Garraf";"8";"Barcelona";"1";"XEMA";"2";"Operativa";"13/04/2023";
